{"cameraMode":{"drawMode":0,"name":"Shaded","section":"Shading Mode"},"sceneLighting":false,"audioPlay":false,"sceneViewState":{"m_AlwaysRefresh":false,"showFog":true,"showSkybox":false,"showFlares":true,"showImageEffects":false,"showParticleSystems":true,"showVisualEffectGraphs":true,"m_FxEnabled":true},"in2DMode":false,"pivot":{"x":0.009839892387390137,"y":-0.007301211357116699,"z":0.03673146665096283},"rotation":{"x":0.10641641914844513,"y":-0.886747419834137,"z":0.2543259263038635,"w":0.37103986740112307},"size":0.5789731740951538,"orthographic":false}