{"cameraMode":{"drawMode":0,"name":"Shaded","section":"Shading Mode"},"sceneLighting":true,"audioPlay":false,"sceneViewState":{"m_AlwaysRefresh":false,"showFog":true,"showSkybox":true,"showFlares":true,"showImageEffects":false,"showParticleSystems":true,"showVisualEffectGraphs":true,"m_FxEnabled":true},"in2DMode":false,"pivot":{"x":62.17231750488281,"y":-29.33294677734375,"z":77.07888793945313},"rotation":{"x":-0.5735092759132385,"y":0.0068961563520133499,"z":-0.004818176385015249,"w":-0.8191531300544739},"size":64.43643951416016,"orthographic":false}