{"cameraMode":{"drawMode":0,"name":"Shaded","section":"Shading Mode"},"sceneLighting":true,"audioPlay":false,"sceneViewState":{"m_AlwaysRefresh":false,"showFog":true,"showSkybox":true,"showFlares":true,"showImageEffects":false,"showParticleSystems":true,"showVisualEffectGraphs":true,"m_FxEnabled":true},"in2DMode":false,"pivot":{"x":49.94569396972656,"y":1.059464454650879,"z":50.019432067871097},"rotation":{"x":0.2512843906879425,"y":-0.13306176662445069,"z":0.03489890694618225,"w":0.9580866694450378},"size":1.5605884790420533,"orthographic":false}