{"cameraMode":{"drawMode":0,"name":"Shaded","section":"Shading Mode"},"sceneLighting":true,"audioPlay":false,"sceneViewState":{"m_AlwaysRefresh":false,"showFog":true,"showSkybox":true,"showFlares":true,"showImageEffects":false,"showParticleSystems":true,"showVisualEffectGraphs":true,"m_FxEnabled":true},"in2DMode":false,"pivot":{"x":29.310487747192384,"y":3.09565806388855,"z":24.727893829345704},"rotation":{"x":0.6584852337837219,"y":0.0031394893303513529,"z":-0.00275971507653594,"w":0.7525863647460938},"size":42.2408561706543,"orthographic":true}