{"cameraMode":{"drawMode":0,"name":"Shaded","section":"Shading Mode"},"sceneLighting":true,"audioPlay":false,"sceneViewState":{"m_AlwaysRefresh":false,"showFog":true,"showSkybox":true,"showFlares":true,"showImageEffects":false,"showParticleSystems":true,"showVisualEffectGraphs":true,"m_FxEnabled":true},"in2DMode":false,"pivot":{"x":16.8273868560791,"y":-0.06674504280090332,"z":34.60343933105469},"rotation":{"x":0.6584852337837219,"y":0.0031394893303513529,"z":-0.00275971507653594,"w":0.7525863647460938},"size":64.54020690917969,"orthographic":true}