{"cameraMode":{"drawMode":0,"name":"Shaded","section":"Shading Mode"},"sceneLighting":true,"audioPlay":false,"sceneViewState":{"m_AlwaysRefresh":false,"showFog":true,"showSkybox":true,"showFlares":true,"showImageEffects":false,"showParticleSystems":true,"showVisualEffectGraphs":true,"m_FxEnabled":true},"in2DMode":false,"pivot":{"x":3.25549578666687,"y":12.54760456085205,"z":-5.296009540557861},"rotation":{"x":0.5524277687072754,"y":-0.008755989372730255,"z":0.0058043780736625198,"w":0.8334965109825134},"size":11.925186157226563,"orthographic":false}