{"cameraMode":{"drawMode":0,"name":"Shaded","section":"Shading Mode"},"sceneLighting":false,"audioPlay":false,"sceneViewState":{"m_AlwaysRefresh":false,"showFog":true,"showSkybox":false,"showFlares":true,"showImageEffects":false,"showParticleSystems":true,"showVisualEffectGraphs":true,"m_FxEnabled":true},"in2DMode":false,"pivot":{"x":-3.9322705268859865,"y":-0.10875791311264038,"z":1.8106443881988526},"rotation":{"x":-0.028807852417230607,"y":-0.9094881415367127,"z":0.4097687900066376,"w":-0.06396389752626419},"size":0.7098134756088257,"orthographic":false}