{"cameraMode":{"drawMode":0,"name":"Shaded","section":"Shading Mode"},"sceneLighting":false,"audioPlay":false,"sceneViewState":{"m_AlwaysRefresh":false,"showFog":true,"showSkybox":false,"showFlares":true,"showImageEffects":false,"showParticleSystems":true,"showVisualEffectGraphs":true,"m_FxEnabled":true},"in2DMode":false,"pivot":{"x":-4.077049255371094,"y":0.3399195373058319,"z":1.7107681035995484},"rotation":{"x":0.30978405475616457,"y":0.12868838012218476,"z":-0.042359840124845508,"w":0.9411030411720276},"size":0.8173206448554993,"orthographic":false}