{"cameraMode":{"drawMode":0,"name":"Shaded","section":"Shading Mode"},"sceneLighting":false,"audioPlay":false,"sceneViewState":{"m_AlwaysRefresh":false,"showFog":true,"showSkybox":false,"showFlares":true,"showImageEffects":false,"showParticleSystems":true,"showVisualEffectGraphs":true,"m_FxEnabled":true},"in2DMode":false,"pivot":{"x":-4.003974914550781,"y":0.05000000447034836,"z":1.929358720779419},"rotation":{"x":0.5524277687072754,"y":-0.008755989372730255,"z":0.0058043780736625198,"w":0.8334965109825134},"size":0.7141430377960205,"orthographic":false}