{"cameraMode":{"drawMode":0,"name":"Shaded","section":"Shading Mode"},"sceneLighting":false,"audioPlay":false,"sceneViewState":{"m_AlwaysRefresh":false,"showFog":true,"showSkybox":false,"showFlares":true,"showImageEffects":false,"showParticleSystems":true,"showVisualEffectGraphs":true,"m_FxEnabled":true},"in2DMode":false,"pivot":{"x":-3.922013521194458,"y":0.3306333124637604,"z":1.723401665687561},"rotation":{"x":0.13845936954021455,"y":-0.09107854962348938,"z":0.012788472697138787,"w":0.9860911965370178},"size":0.8083747625350952,"orthographic":true}