{"cameraMode":{"drawMode":0,"name":"Shaded","section":"Shading Mode"},"sceneLighting":false,"audioPlay":false,"sceneViewState":{"m_AlwaysRefresh":false,"showFog":true,"showSkybox":false,"showFlares":true,"showImageEffects":false,"showParticleSystems":true,"showVisualEffectGraphs":true,"m_FxEnabled":true},"in2DMode":false,"pivot":{"x":-4.00065279006958,"y":0.1587977409362793,"z":2.0335028171539308},"rotation":{"x":-0.035450104624032977,"y":0.9644045233726502,"z":-0.19379612803459168,"w":-0.17637066543102265},"size":0.7372577786445618,"orthographic":false}