{"cameraMode":{"drawMode":0,"name":"Shaded","section":"Shading Mode"},"sceneLighting":false,"audioPlay":false,"sceneViewState":{"m_AlwaysRefresh":false,"showFog":true,"showSkybox":false,"showFlares":true,"showImageEffects":false,"showParticleSystems":true,"showVisualEffectGraphs":true,"m_FxEnabled":true},"in2DMode":false,"pivot":{"x":-3.9470252990722658,"y":-0.009802058339118958,"z":1.7706809043884278},"rotation":{"x":-0.5552362203598023,"y":-0.0738588199019432,"z":0.04960240423679352,"w":-0.8269175291061401},"size":0.7141430377960205,"orthographic":false}