{"cameraMode":{"drawMode":0,"name":"Shaded","section":"Shading Mode"},"sceneLighting":false,"audioPlay":false,"sceneViewState":{"m_AlwaysRefresh":false,"showFog":true,"showSkybox":false,"showFlares":true,"showImageEffects":false,"showParticleSystems":true,"showVisualEffectGraphs":true,"m_FxEnabled":true},"in2DMode":false,"pivot":{"x":-4.003974914550781,"y":0.05000000447034836,"z":1.929358720779419},"rotation":{"x":0.6584852337837219,"y":0.0031394893303513529,"z":-0.00275971507653594,"w":0.7525863647460938},"size":0.7141430377960205,"orthographic":false}