{"cameraMode":{"drawMode":0,"name":"Shaded","section":"Shading Mode"},"sceneLighting":false,"audioPlay":false,"sceneViewState":{"m_AlwaysRefresh":false,"showFog":true,"showSkybox":false,"showFlares":true,"showImageEffects":false,"showParticleSystems":true,"showVisualEffectGraphs":true,"m_FxEnabled":true},"in2DMode":false,"pivot":{"x":-3.9861679077148439,"y":0.09356384724378586,"z":1.8487160205841065},"rotation":{"x":0.28460508584976199,"y":-0.1416967809200287,"z":0.04257825389504433,"w":0.947167694568634},"size":0.5536534190177918,"orthographic":true}