{"cameraMode":{"drawMode":0,"name":"Shaded","section":"Shading Mode"},"sceneLighting":false,"audioPlay":false,"sceneViewState":{"m_AlwaysRefresh":false,"showFog":true,"showSkybox":false,"showFlares":true,"showImageEffects":false,"showParticleSystems":true,"showVisualEffectGraphs":true,"m_FxEnabled":true},"in2DMode":false,"pivot":{"x":-0.2875778079032898,"y":-0.17146170139312745,"z":0.21698437631130219},"rotation":{"x":0.10329626500606537,"y":-0.019394483417272569,"z":0.0020145263988524677,"w":0.9944603443145752},"size":1.364769697189331,"orthographic":false}