{"cameraMode":{"drawMode":0,"name":"Shaded","section":"Shading Mode"},"sceneLighting":false,"audioPlay":false,"sceneViewState":{"m_AlwaysRefresh":false,"showFog":true,"showSkybox":false,"showFlares":true,"showImageEffects":false,"showParticleSystems":true,"showVisualEffectGraphs":true,"m_FxEnabled":true},"in2DMode":false,"pivot":{"x":0.4873517155647278,"y":0.015186920762062073,"z":-0.020958900451660157},"rotation":{"x":0.08431947976350784,"y":-0.4236419200897217,"z":0.03964526578783989,"w":0.901028037071228},"size":0.6544905304908752,"orthographic":false}