{"cameraMode":{"drawMode":0,"name":"Shaded","section":"Shading Mode"},"sceneLighting":false,"audioPlay":false,"sceneViewState":{"m_AlwaysRefresh":false,"showFog":true,"showSkybox":false,"showFlares":true,"showImageEffects":false,"showParticleSystems":true,"showVisualEffectGraphs":true,"m_FxEnabled":true},"in2DMode":false,"pivot":{"x":0.18188723921775819,"y":0.22051770985126496,"z":-0.14431336522102357},"rotation":{"x":0.3470081388950348,"y":-0.6264328956604004,"z":0.36561620235443118,"w":0.594548761844635},"size":0.3597056269645691,"orthographic":false}