{"cameraMode":{"drawMode":0,"name":"Shaded","section":"Shading Mode"},"sceneLighting":false,"audioPlay":false,"sceneViewState":{"m_AlwaysRefresh":false,"showFog":true,"showSkybox":false,"showFlares":true,"showImageEffects":false,"showParticleSystems":true,"showVisualEffectGraphs":true,"m_FxEnabled":true},"in2DMode":false,"pivot":{"x":-3.736093282699585,"y":-0.029593612998723985,"z":1.9376356601715088},"rotation":{"x":-0.3589041531085968,"y":0.6406370997428894,"z":-0.46445927023887637,"w":-0.4950284957885742},"size":0.6599370837211609,"orthographic":false}