{"cameraMode":{"drawMode":0,"name":"Shaded","section":"Shading Mode"},"sceneLighting":false,"audioPlay":false,"sceneViewState":{"m_AlwaysRefresh":false,"showFog":true,"showSkybox":false,"showFlares":true,"showImageEffects":false,"showParticleSystems":true,"showVisualEffectGraphs":true,"m_FxEnabled":true},"in2DMode":false,"pivot":{"x":-4.162125587463379,"y":0.07935380935668946,"z":1.930747389793396},"rotation":{"x":0.04507552087306976,"y":0.9463008642196655,"z":-0.28219303488731387,"w":0.15119315683841706},"size":0.9313485622406006,"orthographic":false}