{"cameraMode":{"drawMode":0,"name":"Shaded","section":"Shading Mode"},"sceneLighting":false,"audioPlay":false,"sceneViewState":{"m_AlwaysRefresh":false,"showFog":true,"showSkybox":false,"showFlares":true,"showImageEffects":false,"showParticleSystems":true,"showVisualEffectGraphs":true,"m_FxEnabled":true},"in2DMode":false,"pivot":{"x":0.0010140520753338934,"y":0.003427039599046111,"z":0.0012283970136195422},"rotation":{"x":0.21356970071792603,"y":0.14879997074604035,"z":-0.03293149918317795,"w":0.9649820923805237},"size":1.068100094795227,"orthographic":false}