{"cameraMode":{"drawMode":0,"name":"Shaded","section":"Shading Mode"},"sceneLighting":false,"audioPlay":false,"sceneViewState":{"m_AlwaysRefresh":false,"showFog":true,"showSkybox":false,"showFlares":true,"showImageEffects":false,"showParticleSystems":true,"showVisualEffectGraphs":true,"m_FxEnabled":true},"in2DMode":false,"pivot":{"x":0.21689879894256593,"y":0.352367639541626,"z":0.14884614944458009},"rotation":{"x":0.3517319858074188,"y":0.10499070584774018,"z":-0.03973694518208504,"w":0.9293527007102966},"size":1.3112263679504395,"orthographic":false}