{"cameraMode":{"drawMode":0,"name":"Shaded","section":"Shading Mode"},"sceneLighting":false,"audioPlay":false,"sceneViewState":{"m_AlwaysRefresh":false,"showFog":true,"showSkybox":false,"showFlares":true,"showImageEffects":false,"showParticleSystems":true,"showVisualEffectGraphs":true,"m_FxEnabled":true},"in2DMode":false,"pivot":{"x":-0.026043225079774858,"y":-0.20867615938186646,"z":-0.19560617208480836},"rotation":{"x":-0.3622736632823944,"y":-0.021513711661100389,"z":0.008372434414923191,"w":-0.9317858219146729},"size":0.763644278049469,"orthographic":false}