{"cameraMode":{"drawMode":0,"name":"Shaded","section":"Shading Mode"},"sceneLighting":false,"audioPlay":false,"sceneViewState":{"m_AlwaysRefresh":false,"showFog":true,"showSkybox":false,"showFlares":true,"showImageEffects":false,"showParticleSystems":true,"showVisualEffectGraphs":true,"m_FxEnabled":true},"in2DMode":false,"pivot":{"x":-3.84898042678833,"y":0.05411069840192795,"z":1.9221866130828858},"rotation":{"x":0.10346551984548569,"y":0.8701131343841553,"z":-0.20685239136219026,"w":0.43521758913993838},"size":0.7986024618148804,"orthographic":false}