{"cameraMode":{"drawMode":0,"name":"Shaded","section":"Shading Mode"},"sceneLighting":false,"audioPlay":false,"sceneViewState":{"m_AlwaysRefresh":false,"showFog":true,"showSkybox":false,"showFlares":true,"showImageEffects":false,"showParticleSystems":true,"showVisualEffectGraphs":true,"m_FxEnabled":true},"in2DMode":false,"pivot":{"x":-4.003974914550781,"y":0.05000000447034836,"z":1.929358720779419},"rotation":{"x":-0.024287285283207895,"y":0.752078652381897,"z":-0.6580432057380676,"w":-0.027748461812734605},"size":0.7141430377960205,"orthographic":false}