{"cameraMode":{"drawMode":0,"name":"Shaded","section":"Shading Mode"},"sceneLighting":false,"audioPlay":false,"sceneViewState":{"m_AlwaysRefresh":false,"showFog":true,"showSkybox":false,"showFlares":true,"showImageEffects":false,"showParticleSystems":true,"showVisualEffectGraphs":true,"m_FxEnabled":true},"in2DMode":false,"pivot":{"x":-4.003974914550781,"y":0.05000000447034836,"z":1.929358720779419},"rotation":{"x":-0.5430722236633301,"y":-0.03950129449367523,"z":0.025598013773560525,"w":-0.8383671045303345},"size":0.7141430377960205,"orthographic":false}