{"cameraMode":{"drawMode":0,"name":"Shaded","section":"Shading Mode"},"sceneLighting":false,"audioPlay":false,"sceneViewState":{"m_AlwaysRefresh":false,"showFog":true,"showSkybox":false,"showFlares":true,"showImageEffects":false,"showParticleSystems":true,"showVisualEffectGraphs":true,"m_FxEnabled":true},"in2DMode":false,"pivot":{"x":-4.003974914550781,"y":0.05000000447034836,"z":1.929358720779419},"rotation":{"x":0.2835046350955963,"y":0.09474402666091919,"z":-0.028157377615571023,"w":0.953872561454773},"size":0.7751339673995972,"orthographic":false}