{"cameraMode":{"drawMode":0,"name":"Shaded","section":"Shading Mode"},"sceneLighting":false,"audioPlay":false,"sceneViewState":{"m_AlwaysRefresh":false,"showFog":true,"showSkybox":false,"showFlares":true,"showImageEffects":false,"showParticleSystems":true,"showVisualEffectGraphs":true,"m_FxEnabled":true},"in2DMode":false,"pivot":{"x":-3.9510183334350588,"y":-0.23224025964736939,"z":1.904700517654419},"rotation":{"x":0.1318124532699585,"y":-0.45272767543792727,"z":0.06787291169166565,"w":0.8792346715927124},"size":0.7991622686386108,"orthographic":false}